Tokyo Crazy Paradise|http://s5.mangareader.net/cover/tokyo-crazy-paradise/tokyo-crazy-paradise-s0.jpg|Tokyo Crazy Paradise|Nakamura, Yoshiki|/tokyo-crazy-paradise|263
Tokyo Bardo|http://s5.mangareader.net/cover/tokyo-bardo/tokyo-bardo-s0.jpg|Tokyo Bardo||/tokyo-bardo|1084
Tokyo Toy Box|http://s5.mangareader.net/cover/tokyo-toy-box/tokyo-toy-box-s0.jpg|Tokyo Toy Box||/tokyo-toy-box|1085
Abandon the Old in Tokyo|http://s1.mangareader.net/cover/abandon-the-old-in-tokyo/abandon-the-old-in-tokyo-s0.jpg|Abandon the Old in Tokyo||/abandon-the-old-in-tokyo|1246
Tokyo Innocent|http://s1.mangareader.net/cover/tokyo-innocent/tokyo-innocent-s0.jpg|Tokyo Innocent||/tokyo-innocent|1686
Tokyo Alice|http://s1.mangareader.net/cover/tokyo-alice/tokyo-alice-s0.jpg|Tokyo Alice||/tokyo-alice|1829
Tokyo ESP|http://s2.mangareader.net/cover/tokyo-esp/tokyo-esp-s0.jpg|Tokyo ESP||/tokyo-esp|1894
Tokyo Mew Mew|http://s2.mangareader.net/cover/tokyo-mew-mew/tokyo-mew-mew-s0.jpg|Tokyo Mew Mew|IKUMI Mia|/tokyo-mew-mew|1923
Tokyo Mew Mew a La Mode|http://s2.mangareader.net/cover/tokyo-mew-mew-a-la-mode/tokyo-mew-mew-a-la-mode-s0.jpg|Tokyo Mew Mew a La Mode|IKUMI Mia|/tokyo-mew-mew-a-la-mode|1924
Tokyo Rock Shounen|http://s3.mangareader.net/cover/tokyo-rock-shounen/tokyo-rock-shounen-s0.jpg|Tokyo Rock Shounen|KIKUCHI Kamaro|/tokyo-rock-shounen|2001
Tokyo Kareshi|http://s3.mangareader.net/cover/tokyo-kareshi/tokyo-kareshi-s0.jpg|Tokyo Kareshi|MAKITA Nao|/tokyo-kareshi|2424
Tokyo Ravens|http://s3.mangareader.net/cover/tokyo-ravens/tokyo-ravens-s0.jpg|Tokyo Ravens|SUZUMI Atsushi|/tokyo-ravens|2512
Tokyo Tribe|http://s4.mangareader.net/cover/tokyo-tribe/tokyo-tribe-s0.jpg|Tokyo Tribe|INOUE Santa|/tokyo-tribe|2774
Tokyo Girls Destruction|http://s4.mangareader.net/cover/tokyo-girls-destruction/tokyo-girls-destruction-s0.jpg|Tokyo Girls Destruction|BETTEN Court|/tokyo-girls-destruction|2966
Tokyo Last Chika, Tokyo swallow|http://s4.mangareader.net/cover/toukyou-lastochika/toukyou-lastochika-s0.jpg|Tokyo Last Chika, Tokyo swallow|MIYOSHI Furumachi|/toukyou-lastochika|3254
Tokyo Ghoul,  Tokyo Kushu, Tokyo Kusyu|http://s5.mangareader.net/cover/toukyou-kushu/toukyou-kushu-s0.jpg|Tokyo Ghoul,  Tokyo Kushu, Tokyo Kusyu|ISHIDA Sui|/toukyou-kushu|3606
Tokyo Voyager Record|http://s5.mangareader.net/cover/tokyo-voyager-record/tokyo-voyager-record-s0.jpg|Tokyo Voyager Record|Tashi|/tokyo-voyager-record|4322
Tokyo DTED|http://s5.mangareader.net/cover/tokyo-dted/tokyo-dted-s0.jpg|Tokyo DTED|Kotani Yoko|/tokyo-dted|6062
Tokyo Ghoul:re|http://s1.mangareader.net/cover/tokyo-ghoulre/tokyo-ghoulre-s0.jpg|Tokyo Ghoul:re|ISHIDA Sui|/tokyo-ghoulre|6104
Tokyo Yamanote Boys|http://s1.mangareader.net/cover/tokyo-yamanote-boys/tokyo-yamanote-boys-s0.jpg|Tokyo Yamanote Boys|UZUKI Nagoya|/tokyo-yamanote-boys|7496
